Pid,Pname,Date,Time,Quantity
1,Bacitracin,12/14/2016,19:32,36
2,Pleo Oku,12-05-2016,17:00,43
3,Lisinopril,12-04-2016,16:38,44
4,sunmark ibuprofen,12/13/2016,12:33,15
5,Isordil,12/15/2016,13:54,23
6,MOZI-Q,12/15/2016,20:50,50
7,Whole Wheat Grain,12-07-2016,16:24,29
8,Mood Swings,12-05-2016,10:48,28
9,DermaCen Instant Hand Sanitizer with Aloe,12/16/2016,15:14,18
10,Neutrogena Spectrum Plus Face Advanced Oil Free,12/14/2016,18:07,39
11,Modafinil,12-03-2016,12:07,13
12,Isopropyl alcohol,12-11-2016,16:26,23
13,Ranitidine,12-03-2016,17:53,11
14,RISPERIDONE,12-12-2016,19:20,10
15,BLEPHAMIDE,12-11-2016,12:51,23
16,EARTHS CARE ARTHRITIS CREAM,12-04-2016,11:11,13
17,Senna- S,12/16/2016,10:52,31
18,Best Choice Cold Sore Treatment,12-12-2016,16:14,19
19,Smooth Brome,12-07-2016,18:05,16
20,Ciprofloxacin,12-03-2016,17:56,47
21,Quetiapine Fumarate,12-04-2016,12:06,39
22,Ketorolac Tromethamine,12-11-2016,15:40,30
23,LidoCream 5,12-02-2016,11:20,26
24,Preferred Plus Maximum Strength Urinary Pain Relief,12/13/2016,18:15,24
25,naproxen sodium,12-11-2016,18:16,29
26,Triazolam,12-12-2016,16:44,26
27,Focus,12-02-2016,14:56,26
28,Leucovorin Calcium,12-05-2016,21:52,32
29,Silk Antibacterial Foaming Hand,12-06-2016,12:22,20
30,Freshorize,12/16/2016,18:38,43
31,Anti Nausea,12-10-2016,13:54,14
32,Lovenox,12-08-2016,12:33,28
33,Artalgia,12-07-2016,13:59,21
34,Sunmark Iodides Tincture,12-02-2016,15:32,40
35,Ranitidine,12-11-2016,14:06,24
36,LA MER THE BROAD SPECTRUM SPF 50 UV PROTECTING FLUID,12-04-2016,17:45,40
37,equate hemorrhoidal,12-05-2016,16:57,39
38,ACD-A,12-05-2016,20:30,39
39,Zaliex ALCOHOL-FREE Antiseptic Hand Sanitizer,12/13/2016,16:40,43
40,Doxycycline,12-06-2016,11:05,48
41,Lidocaine Hydrochloride,12/13/2016,14:28,35
42,Promethazine Hydrochloride,12-11-2016,20:20,10
43,Erythromycin,12-09-2016,14:04,25
44,Lymph-Tone I,12-06-2016,15:23,44
45,UNDECYLENIC ACID,12-06-2016,16:39,36
46,Ear Care,12-02-2016,10:04,14
47,fluorodine OXYGEN white Fluoride Anticavity,12-04-2016,15:27,22
48,childrens pain and fever,12/14/2016,17:10,32
49,Antidiarrheal Relief,12-03-2016,14:15,41
50,Simvastatin,12-06-2016,18:56,25
51,Cetirizine Hydrochloride,12-02-2016,14:00,13
52,Safeguard,12-04-2016,20:06,35
53,Valacyclovir hydrochloride,12/16/2016,19:38,48
54,Pimento,12-06-2016,19:59,40
55,BISACODYL,12-06-2016,20:05,33
56,Warfarin Sodium,12-04-2016,17:34,41
57,CYPROHEPTADINE HYDROCHLORIDE,12-11-2016,19:37,49
58,Publix Alcohol,12/15/2016,17:24,20
59,PMS Tone,12-05-2016,18:52,45
60,Black Birch,12-04-2016,21:36,10
61,Desipramine Hydrochloride,12-11-2016,17:09,20
62,Sterile Water,12-10-2016,21:52,13
63,Fosinopril Sodium,12-08-2016,11:11,19
64,Ibuprofen,12-11-2016,11:04,10
65,FIREFLY Barbie Fluoride Foam Bubblegum Flavor,12/16/2016,21:36,41
66,Lidocaine Hydrochloride,12-10-2016,18:54,15
67,nicotine,12-04-2016,16:49,43
68,TOMATO WRINKLE SUN,12-05-2016,16:31,47
69,Hypothalmus Tincture,12/13/2016,18:50,38
70,Citranatal Harmony 2.1,12-04-2016,13:11,38
71,TYLENOL,12/13/2016,16:32,39
72,TETANUS TOXOID ADSORBED,12-05-2016,10:17,38
73,HAWAIIAN Tropic,12-02-2016,20:08,18
74,Olay Age Defying Anti-Wrinkle,12-04-2016,21:50,11
75,Lidocaine,12/16/2016,10:42,48
76,MEDI-FIRST Non-Aspirin,12-09-2016,14:08,41
77,Anastrozole,12-05-2016,16:46,19
78,Raloxifene Hydrochloride,12/13/2016,18:04,24
79,SENEXON-S,12-07-2016,14:08,11
80,Dental Clear Natural,12-11-2016,12:19,19
81,BROMO SELTZER,12-09-2016,13:59,48
82,HUMATROPE,12-03-2016,10:31,13
83,MSM (MoSaengMo),12-06-2016,14:59,26
84,Ultra dry antiperspirant,12/14/2016,16:23,26
85,smart sense allergy,12-07-2016,21:34,25
86,NORTRIPTYLINE HYDROCHLORIDE,12-04-2016,19:05,33
87,"Insects (whole body) Cockroach, German Blatella germanica",12-05-2016,14:33,17
88,Heparin Sodium,12-02-2016,14:36,18
89,Secura Protective,12-07-2016,17:28,10
90,Hydroxyzine Hydrochloride,12-12-2016,21:57,12
91,Metoprolol succinate,12-12-2016,20:25,29
92,Aveeno Eczema Therapy Bath Treatment,12-12-2016,15:45,50
93,Amitriptyline Hydrochloride,12-06-2016,13:37,34
94,OXAPROZIN,12-06-2016,17:39,15
95,Amitriptyline Hydrochloride,12-10-2016,21:33,39
96,TIAZAC,12-03-2016,13:14,46
97,Protex,12-02-2016,16:16,21
98,BOS TAURUS SKIN,12-10-2016,18:31,27
99,UV Capture Sun Pact,12-12-2016,14:19,25
100,Ibuprofen,12/16/2016,12:17,25
101,Tribenzor,12/15/2016,12:13,41
102,TODAYS HEALTH NASAL RELIEF ORIGINAL,12-11-2016,17:09,25
103,Dove,12-05-2016,21:09,37
104,HayFever Fighter,12-12-2016,14:16,16
105,CLE DE PEAU BEAUTE SILKY FOUNDATION I,12-10-2016,11:26,34
106,Fluoxetine,12-08-2016,21:13,42
107,"carbidopa, levodopa and entacapone",12/13/2016,21:07,11
108,MINOCYCLINE HYDROCHLORIDE,12-11-2016,19:47,19
109,Peptic Relief,12-04-2016,15:35,36
110,Bladder Incontinence,12-08-2016,12:42,38
111,Dandruff Daily Care,12-04-2016,19:37,14
112,No7 Lifting and Firming Foundation Sunscreen SPF 15 Porcelain,12-09-2016,11:36,35
113,Prostin,12-10-2016,12:49,39
114,Latuda,12-10-2016,20:39,31
115,Nasohist,12-03-2016,19:02,31
116,Iris germanica comp.,12/14/2016,14:12,49
117,Up and UP Sensitive Toothpaste Enamel Strengthening formula,12/14/2016,12:32,39
118,Oil Free Acne Wash,12-10-2016,20:08,18
119,Lidocaine Hydrochloride,12-12-2016,14:33,43
120,Virx,12/14/2016,13:14,35
121,Anti-Bacterial Gentle Foaming Hand,12-09-2016,17:32,36
122,Health Mart Aspirin,12/16/2016,17:24,44
123,Cerezyme,12-11-2016,20:06,30
124,Estradiol / Norethindrone Acetate,12/14/2016,16:46,28
125,Ciprofloxacin,12-07-2016,11:48,12
126,Tolnaftate,12/14/2016,20:54,12
127,Oxandrolone,12/13/2016,17:52,48
128,Shagbark Hickory,12-10-2016,20:04,11
129,Select Brand Hemorrhoid,12-12-2016,11:17,26
130,Dicyclomine Hydrochloride,12-04-2016,11:17,11
131,Hydroxyzine Hydrochloride,12-03-2016,14:30,15
132,Sertraline Hydrochloride,12/13/2016,20:15,35
133,ARAMIS LAB SERIES POWER PROTECTOR,12-09-2016,15:09,29
134,Tamsulosin Hydrochloride,12-12-2016,21:52,17
135,Vasotec,12/14/2016,17:29,32
136,Lorazepam,12-03-2016,19:23,18
137,KETOROLAC TROMETHAMINE,12/16/2016,18:54,35
138,Kogenate FS,12-10-2016,21:14,29
139,Pleo Usti,12-08-2016,14:18,12
140,Stavudine,12/15/2016,12:14,35
141,No7 Lift and Luminate Foundation Sunscreen Broad Spectrum SPF 15 Cool Beige,12-11-2016,20:25,32
142,Licorice,12-11-2016,10:17,34
143,"Smut, Corn",12-07-2016,11:41,33
144,CareOne All Day Allergy,12-06-2016,12:19,39
145,Hydrogen Peroxide,12-03-2016,16:51,23
146,fexofenadine,12-08-2016,14:55,12
147,Losartan Potassium,12-05-2016,14:20,14
148,LISINOPRIL AND HYDROCHLOROTHIAZIDE,12/16/2016,14:02,40
149,Amoxicillin and Clavulanate Potassium,12-09-2016,18:47,47
150,Neuac Kit,12-07-2016,12:58,26
151,Vanilla Hand Sanitizer with vitamin E and aloe,12-12-2016,15:00,17
152,Metoprolol Tartrate,12-12-2016,11:51,25
153,Hot Stuff Cream,12-08-2016,13:22,21
154,Minoxidil,12-08-2016,14:29,17
155,ZIMS ADVANCED CRACK CREME WITH HYDROCORTISONE,12/14/2016,17:59,21
156,Woodwards Mycocide Clinical NS,12/13/2016,16:16,27
157,pravastatin sodium,12-06-2016,17:54,13
158,RECOMBIVAX HB,12-03-2016,11:41,49
159,Doxycycline Hyclate,12/15/2016,17:19,30
160,CYCLOBENZAPRINE HYDROCHLORIDE,12-11-2016,14:05,48
161,risperidone,12/15/2016,10:15,46
162,Daytime Cold and Flu Relief,12-10-2016,19:10,38
163,Botrytis cinerea,12-09-2016,14:51,14
164,AMIODARONE HYDROCHLORIDE,12-12-2016,21:08,25
165,OXYGEN,12-08-2016,19:31,46
166,Proformance Antibacterial,12-03-2016,13:30,50
167,Cormax,12-04-2016,15:43,17
168,Immune Support,12-06-2016,13:29,33
169,IT RADIANT CC CUSHION,12/14/2016,11:34,16
170,Nalbuphine Hydrochloride,12-11-2016,13:17,36
171,Choice Personal Care Cocoa Butter Scented Petroleum,12-07-2016,16:19,10
172,Metoprolol succinate,12-05-2016,13:52,11
173,FREDS ORIGINAL EYE DROPS,12-08-2016,15:22,36
174,Escitalopram,12/14/2016,15:01,44
175,Lisinopril and Hydrochlorothiazide,12-02-2016,10:37,12
176,Womens Mitchum Advanced Invisible Antiperspirant Deodorant,12/13/2016,19:17,43
177,Cyzone,12-02-2016,18:44,18
178,Maracuja Miracle Foundation 12-Hour Foundation Broad Spectrum SPF 15 Sunscreen,12-04-2016,19:25,34
179,PEPPERMINT,12-08-2016,18:07,13
180,American Infection Control Antiseptic Hand Wipes,12-03-2016,20:36,46
181,ESIKA HD COLOR HIGH DEFINITION COLOR SPF 20,12/16/2016,20:05,44
182,Sun Shades Lip Balm,12-07-2016,20:14,34
183,Dr. Dream Advanced Eye Treatment,12-06-2016,13:53,21
184,White Ash,12/14/2016,16:14,23
185,Bacitracin Zinc,12-11-2016,15:56,29
186,HYDRA LIFE PRO-YOUTH SKIN TINT 2,12-10-2016,12:07,16
187,kids cold,12/15/2016,13:15,29
188,kirkland signature quit 4,12-12-2016,12:10,10
189,TUMS,12/16/2016,13:23,15
190,Warfarin Sodium,12-02-2016,19:48,47
191,Glyburide and Metformin,12-04-2016,21:56,30
192,BIOTOX BAC,12-04-2016,12:07,25
193,METHYLPREDNISOLONE,12-05-2016,11:44,37
194,Diltiazem Hydrochloride,12-12-2016,11:33,19
195,Soma,12/16/2016,11:04,42
196,Polymyxin B,12-09-2016,15:54,26
197,Lisinopril,12/16/2016,19:49,30
198,Diclofenac Potassium,12-06-2016,11:10,26
199,Rx Act Nasal Decongestant,12-02-2016,19:54,48
200,Doxycycline,12-12-2016,18:01,40
201,Tartar control plus,12-08-2016,21:40,18
202,Desvenlafaxine,12/15/2016,14:14,38
203,berkley and jensen nicotine,12/13/2016,21:14,49
204,Diphenhydramine Hydrochloride,12-03-2016,21:05,29
205,IBUPROFEN,12-03-2016,13:27,41
206,triamcinolone acetonide,12-03-2016,17:34,43
207,Oxaliplatin,12-08-2016,16:47,30
208,OXYGEN COMPRESSED,12/16/2016,18:20,50
209,Antiseptic,12/14/2016,16:29,45
210,Doxepin Hydrochloride,12-12-2016,11:29,15
211,Ofloxacin,12-08-2016,12:12,27
212,Spironolactone,12-04-2016,14:59,40
213,INTRON A,12-09-2016,13:02,31
214,Risperidone,12/13/2016,13:53,41
215,Gemcitabine,12/14/2016,16:09,37
216,Clodan Kit,12-05-2016,17:03,18
217,Alendronate Sodium,12-05-2016,14:59,24
218,Instant Hand Sanitizer,12-11-2016,11:53,27
219,Morphine Sulfate,12-08-2016,18:02,11
220,Hydrochlorothiazide,12-11-2016,19:11,10
221,Headache Cough,12-08-2016,21:35,16
222,PREDNISONE,12-03-2016,21:56,41
223,Harris Teeter,12/15/2016,19:29,18
224,Clopidogrel,12-05-2016,12:02,33
225,NITROFURANTOIN MACROCRYSTALS,12/15/2016,10:05,29
226,Montelukast Sodium,12-08-2016,19:00,48
227,Hand Sanitizer,12-09-2016,21:10,49
228,SOORYEHAN HYO FERMENTED SUN BLOCK,12/13/2016,12:48,28
229,ACT Anticavity Fluoride Mint,12/14/2016,10:30,48
230,Promethazine Hydrochloride,12-07-2016,14:40,45
231,Otoflam,12-05-2016,16:07,26
232,Cefdinir,12-06-2016,18:35,44
233,Blemish Potion,12/15/2016,13:58,10
234,Hypoglycemia,12-11-2016,17:41,31
235,GRAPEFRUIT,12-03-2016,15:02,43
236,ESIKA,12-06-2016,15:53,38
237,Nitrous Oxide,12-08-2016,13:31,36
238,Edex,12-11-2016,11:19,33
239,INSTANT HAND SANITIZER,12-04-2016,10:06,46
240,Diltiazem Hydrochloride,12/13/2016,12:45,16
241,EQUALINE BLUE ICE PAIN RELIEVING,12-06-2016,17:29,13
242,Cardene,12/15/2016,17:31,18
243,OXYGEN,12/16/2016,12:40,26
244,Femara,12/16/2016,20:15,12
245,Loperamide Hydrochloride,12-10-2016,20:03,16
246,MRCL,12-12-2016,14:20,37
247,Platinum for Men,12/14/2016,11:29,11
248,Leader Sinus and Allergy PE,12/15/2016,17:05,39
249,lisinopril,12-05-2016,17:30,40
250,Natural Pain Relieving Lavender Breeze,12-04-2016,11:10,12
251,Green Pea,12-10-2016,16:37,15
252,Everyday Sunscreen Broad Spectrum SPF 30,12-11-2016,13:49,15
253,Gabapentin,12-08-2016,16:59,50
254,Pedipirox-4 Nail Kit,12-10-2016,18:19,27
255,Ceftriaxone,12-09-2016,16:14,43
256,Sclerosol,12-12-2016,20:42,46
257,Cefepime,12/14/2016,19:00,11
258,Irbesartan,12/14/2016,15:22,28
259,Backache Relief,12-03-2016,14:11,47
260,Thyreoidea Compositum,12-11-2016,19:14,15
261,Clean Force,12-10-2016,20:24,34
262,Piperacillin and Tazobactam,12-10-2016,10:48,33
263,The Natural Dentist,12/15/2016,12:16,41
264,Isosorbide Mononitrate,12-02-2016,13:58,17
265,Vaginitis,12-10-2016,19:01,31
266,Quinapril,12-08-2016,21:05,44
267,family wellness hemorrhoidal,12-08-2016,14:47,31
268,Ibuprofen,12/13/2016,16:26,50
269,Atenolol,12/14/2016,13:06,23
270,Loratadine,12-02-2016,12:02,22
271,Stalevo,12-12-2016,20:39,26
272,Ibuprofen,12-11-2016,20:07,46
273,Acne,12-03-2016,18:48,49
274,Metoprolol Tartrate,12-08-2016,14:20,31
275,ACTONEL,12/15/2016,19:26,32
276,DRY SORE THROAT,12-08-2016,12:07,33
277,Folic Acid,12-02-2016,15:45,18
278,Disney PIXAR MONSTERS UNIVERSITY Antibacterial Hand Wipes,12-03-2016,13:43,38
279,Cladosporium fulvum,12-08-2016,15:58,36
280,Mango,12-06-2016,18:16,42
281,ACER NEGUNDO POLLEN,12/13/2016,14:31,42
282,MEDICHOICE ANTICAVITY FLUORIDE,12-05-2016,15:31,30
283,Bismatrol,12-11-2016,12:57,50
284,Midodrine HCl,12/16/2016,12:20,40
285,Laxative pills,12-04-2016,17:58,10
286,Famotidine - Acid Controller,12-05-2016,10:43,20
287,Topiramate,12-06-2016,16:48,39
288,Valacyclovir Hydrochloride,12/15/2016,10:53,14
289,Sumatriptan Succinate,12-02-2016,16:39,47
290,Upper Respiratory Staph Strep Combination,12-10-2016,10:18,33
291,Torsemide,12-08-2016,16:06,15
292,Aquafresh,12/15/2016,12:30,27
293,Hydrocodone Bitartrate and Acetaminophen,12/16/2016,18:56,33
294,FERROUS SULFATE,12-08-2016,19:54,30
295,galantamine hydrobromide,12/15/2016,16:42,31
296,ZONISAMIDE,12-02-2016,16:16,42
297,Penicillin V Potassium,12/13/2016,19:29,23
298,Alinia,12-03-2016,15:17,46
299,Natural Fluoride Fresh Mint,12-10-2016,12:32,38
300,AMERFRESH ANTIPERSPIRANT DEODORANT,12/14/2016,13:10,31
301,Pravastatin Sodium,12-05-2016,15:49,22
302,GOOD NEIGHBOR PHARMACY Isopropyl Alcohol Wipes,12-09-2016,17:58,33
303,Cystadane,12/15/2016,11:48,18
304,BC Cherry,12-04-2016,10:26,39
305,Terazosin hydrochloride,12/16/2016,13:31,17
306,Promethazine Hydrochloride,12-03-2016,20:31,16
307,Allergy and congestion relief,12/15/2016,11:07,44
308,Temazepam,12/15/2016,13:42,30
309,Childrens Ibuprofen,12/15/2016,14:05,27
310,Loperamide Hydrochloride,12/15/2016,15:24,22
311,NHS Flu Fever Sudden Onset,12-04-2016,16:18,19
312,DentiCare Pro-Foam,12-08-2016,21:48,43
313,Sertraline Hydrochloride,12-06-2016,14:02,22
314,Diltiazem Hydrochloride,12/15/2016,18:33,45
315,Levsin,12/14/2016,10:50,14
316,Tilia Fe,12-04-2016,21:29,29
317,Sucralfate,12/13/2016,15:08,23
318,Pantoprazole Sodium,12-05-2016,11:35,20
319,Good Care Surgical Brush With Nail Cleaner,12/15/2016,19:00,16
320,NMC Staypot double programing cream,12/13/2016,19:38,18
321,Ondansetron,12-03-2016,15:08,37
322,equaline ibuprofen,12-06-2016,17:21,42
323,Sheep Sorrel,12-05-2016,14:35,47
324,Neomycin and Polymyxin B Sulfates and Dexamethasone,12-09-2016,14:49,45
325,Visine Tears,12/14/2016,19:59,27
326,amlodipine besylate and atorvastatin calcium,12-12-2016,21:28,25
327,Wheat Smut,12-11-2016,11:18,17
328,Sulfamethoxazole and Trimethoprim,12-09-2016,21:58,22
329,CleanWell Natural Orange Vanilla Hand Sanitizer,12/13/2016,20:55,28
330,Calcium,12-07-2016,14:23,24
331,Ketorolac Tromethamine,12/14/2016,10:46,18
332,HAWAIIAN Tropic,12-10-2016,13:57,33
333,Coppertone Sport,12/14/2016,19:02,22
334,Acyclovir,12-04-2016,15:13,43
335,simply right cetirizine hydrochloride,12-10-2016,10:31,35
336,METRONIDAZOLE,12/14/2016,19:47,43
337,Hydrocortisone,12-05-2016,10:07,25
338,MUSCLE SPASMS,12-12-2016,11:45,15
339,ROBITUSSIN NIGHT TIME COUGH AND COLD,12/16/2016,17:16,11
340,LEADER Chest Congestion Relief,12-11-2016,15:07,19
341,Hemorrhoidal,12/16/2016,18:41,41
342,Good Neighbor Pharmacy Nicotine,12-06-2016,12:54,25
343,CapCof,12/14/2016,13:05,17
344,OATS FOOD,12-04-2016,11:43,37
345,Shopko Antibacterial Hand Sanitizer,12/14/2016,20:21,43
346,Lamivudine,12-02-2016,17:03,44
347,good sense itch relief,12-09-2016,13:12,41
348,Topcare Sinus Relief Day Time Night Time,12-04-2016,21:38,43
349,Pain Relief,12-06-2016,12:05,14
350,Dicloxacillin Sodium,12-06-2016,20:42,36
351,Warfarin Sodium,12/16/2016,17:02,11
352,Drummond American Trade Wind Antimicrobial,12/13/2016,15:59,14
353,flormar Soft Touch Foundation Sunscreen Broad Spectrum SPF 20 ST07 Caramel,12/15/2016,19:21,21
354,Gentamicin Sulfate,12-10-2016,17:49,49
355,Progesterone Injection,12-10-2016,21:31,13
356,Astragalus Formica,12-08-2016,12:17,26
357,Risperidone,12-06-2016,19:50,16
358,SULAR,12-12-2016,18:40,26
359,Levothyroxine Sodium,12-10-2016,20:34,33
360,Dorzolamide HCl,12-05-2016,17:07,19
361,T-Chem E2 Rated,12-02-2016,10:03,42
362,Equate,12-04-2016,20:43,13
363,DROXIA,12-09-2016,13:41,47
364,Ropinirole Hydrochloride,12/13/2016,12:15,50
365,EMEND,12/15/2016,17:22,13
366,Ropinirole,12-12-2016,19:22,17
367,Losartan Potassium and Hydrochlorothiazide,12-10-2016,14:16,14
368,MAR-COF CG,12-03-2016,15:42,28
369,Tolazamide,12-02-2016,17:52,15
370,allergy,12/13/2016,12:30,38
371,PreferaOB One,12-03-2016,16:23,39
372,Banana Boat Ultra Defense Sheer Protect SPF 30,12-12-2016,16:04,38
373,IBU,12-10-2016,17:36,12
374,Cefdinir,12/15/2016,20:47,12
375,MENOPAUSE,12/14/2016,11:28,15
376,Mango Blossom,12-05-2016,15:58,22
377,Ipratropium Bromide,12/15/2016,17:37,30
378,Sumatriptan Succinate,12-05-2016,20:32,25
379,Oil Free Matte,12-05-2016,21:48,34
380,Venlafaxine,12/14/2016,21:19,37
381,Hydrogen Peroxide,12/15/2016,19:21,30
382,Amlodipine Besylate and Benazepril Hydrochloride,12/13/2016,12:03,31
383,Doxycycline Hyclate,12-11-2016,21:09,29
384,Triamterene and Hydrochlorothiazide,12-03-2016,12:50,40
385,Ibuprofen,12-09-2016,18:46,11
386,AGAVE AMERICANA,12-09-2016,12:02,25
387,Mycophenolate Mofetil,12-10-2016,15:27,46
388,Enalapril Maleate,12-11-2016,17:37,42
389,Venlafaxine,12-08-2016,12:16,12
390,Acetaminophen PM Rapid Release,12-10-2016,10:16,33
391,Head and Shoulders Classic Clean Dandruff,12-10-2016,20:58,45
392,ProState Relief,12-09-2016,17:16,31
393,ELCURE C Serum,12-03-2016,16:00,42
394,vancomycin hydrochloride,12-08-2016,14:45,22
395,BURBERRY FRESH GLOW B.B. LUMINOUS SKIN PERFECTING BEAUTY BALM SUNSCREEN BROAD SPECTRUM SPF 20 DARK 03,12/16/2016,11:40,26
396,HYDROCODONE BITARTRATE AND ACETAMINOPHEN,12/15/2016,21:51,50
397,CYZONE,12-07-2016,14:46,19
398,Oxygen,12-08-2016,20:30,39
399,smart sense allergy,12-04-2016,15:49,35
400,infants pain and fever,12-10-2016,20:32,14
401,Dial Gold Antibacterial Soap,12-09-2016,13:29,11
402,Ketorolac Tromethamine,12-06-2016,14:18,25
403,Ziprasidone Hydrochloride,12-12-2016,19:57,47
404,CENTER-AL - BETULA LENTA POLLEN,12-04-2016,18:19,32
405,daytime severe,12-10-2016,16:03,46
406,CLEAR CELL Medicated Acne Scrub,12-12-2016,19:32,10
407,Summer Bisque Foundation SPF 20,12/15/2016,10:28,41
408,Spironolactone and Hydrochlorothiazide,12-08-2016,13:27,35
409,Enoxaparin Sodium,12/14/2016,17:27,47
410,povidine iodine,12-11-2016,13:51,15
411,Theophylline,12-09-2016,10:15,30
412,Tacrolimus,12-06-2016,18:06,41
413,Fondaparinux Sodium,12-10-2016,10:18,14
414,Salicylic Acid,12-02-2016,11:05,10
415,Western Family,12-03-2016,12:24,43
416,Pineapple Orange Antibacterial Foaming Hand Wash,12-11-2016,20:34,45
417,ziprasidone hydrochloride,12-03-2016,10:59,40
418,Topiramate,12-03-2016,10:04,13
419,Diazepam,12-02-2016,19:00,25
420,Ulta Fresh Spice Anti-Bacterial Deep Cleansing,12-06-2016,14:01,12
421,CEFACLOR,12/16/2016,15:39,17
422,Baclofen,12-04-2016,14:09,22
423,BUPROPION HYDROCHLORIDE,12/15/2016,21:14,20
424,bisoprolol fumarate,12/16/2016,13:59,13
425,Treatment Set TS347484,12-12-2016,20:21,12
426,LBEL COULEUR LUXE AMPLIFIER XP,12-08-2016,21:08,33
427,Lamotrigine,12-05-2016,16:15,24
428,ORGAN-I NR,12-12-2016,11:33,41
429,Morphine Sulfate,12-02-2016,19:04,26
430,Heparin Sodium,12-09-2016,21:48,25
431,Sinus PE And Allergy Maximum Strength,12-03-2016,20:41,17
432,Lisinopril,12-12-2016,14:50,16
433,ropinirole hydrochloride,12-11-2016,12:24,29
434,Clearasil,12/16/2016,20:25,31
435,Male Complex,12-10-2016,21:33,36
436,Restless Leg,12-03-2016,21:21,38
437,Aspergillus,12-07-2016,20:17,40
438,Midazolam,12-12-2016,17:00,14
439,Furosemide,12/15/2016,20:30,34
440,Heparin Sodium,12-11-2016,14:47,30
441,Extra Strength Pain Reliever,12-06-2016,16:18,46
442,Xylocaine,12/13/2016,17:13,22
443,Hyoscyamine Sulfate,12-10-2016,15:38,18
444,Omeprazole Magnesium,12-06-2016,13:06,49
445,Dill,12-05-2016,13:07,48
446,simvastatin,12-03-2016,15:37,18
447,Paclitaxel,12-04-2016,12:22,26
448,Halobetasol Propionate,12/14/2016,19:20,26
449,Rohto,12-10-2016,16:30,24
450,GARDASIL,12-10-2016,19:18,49
451,SkinTx Sunscreen,12/13/2016,10:14,26
452,Lymph Detox,12-08-2016,10:06,42
453,Haloperidol,12-07-2016,18:19,39
454,Piroxicam,12-04-2016,12:34,34
455,Treatment Set TS345694,12/16/2016,21:50,42
456,Warfarin Sodium,12/14/2016,11:46,12
457,Motion Sickness,12-05-2016,16:46,28
458,Triamterene and Hydrochlorothiazide,12-08-2016,16:12,37
459,REFRESH PLUS,12-05-2016,11:30,49
460,Metoprolol Succinate,12-11-2016,17:59,47
461,Nucynta,12-02-2016,20:49,15
462,Prosacea,12-03-2016,13:56,22
463,Nisoldipine,12-10-2016,21:34,10
464,Smart Sense ibuprofen,12-03-2016,18:19,41
465,NWC21 NATURAL SUN PROTECTOR,12/14/2016,18:50,43
466,Argentum Nitricum Kit Refill,12-05-2016,13:07,15
467,POTASSIUM CHLORIDE,12-04-2016,17:36,16
468,Triple Flu Defense,12-02-2016,20:41,12
469,childrens mucus relief,12-10-2016,10:39,13
470,Baby Eczema Moisturizing,12-07-2016,19:32,27
471,Cefprozil,12-02-2016,15:34,19
472,Nor QD,12-09-2016,13:24,10
473,HYVEE,12/13/2016,20:47,28
474,Hydroxyzine Hydrochloride,12-12-2016,14:07,19
475,Viral Plus,12-02-2016,13:12,19
476,GOONG SECRET MILD SUN,12-05-2016,21:14,28
477,Antiseptic Rinse,12-04-2016,20:04,15
478,Triple Antibiotic,12-05-2016,10:57,42
479,Sunmark Calamine,12/13/2016,16:54,50
480,Softlips Pure Lip Gloss,12-09-2016,11:19,39
481,Barium Conchae Mercurius Special Order,12-12-2016,10:40,28
482,Glyburide,12-04-2016,15:22,36
483,Betapace,12-02-2016,18:58,32
484,No7 Lifting and Firming Foundation Sunscreen SPF 15 Porcelain,12-05-2016,12:28,25
485,Naturals by Safety 1st,12-05-2016,13:08,30
486,WHITE MALLOW DIAPER RASH CREAM,12-04-2016,10:37,10
487,Corn Grass,12-07-2016,17:24,17
488,Levothyroxine Sodium,12-02-2016,17:35,44
489,Ciprofloxacin,12/16/2016,17:01,49
490,Waterless Hand Sanitizer,12-11-2016,20:36,17
491,Anticavity,12/15/2016,15:37,25
492,Meijer Sport SPF 50,12-02-2016,11:11,36
493,Oxygen,12/16/2016,17:21,11
494,Terbinafine Hydrochloride,12-10-2016,10:39,32
495,Simvastatin,12/13/2016,20:58,13
496,Simvastatin,12/13/2016,15:55,32
497,Nabumetone,12/14/2016,14:42,29
498,Epinephrine,12-10-2016,13:39,49
499,Cyclobenzaprine Hydrochloride,12/15/2016,21:44,31
500,Antibacterial Foaming Hand,12-02-2016,13:04,36
501,COUMADIN,12-12-2016,21:31,23
502,Diarrhea,12-11-2016,11:28,42
503,MENEST,12-12-2016,10:48,49
504,Amlodipine Besylate,12-04-2016,17:51,30
505,Rouge Dior 870 Ruby Serum,12/14/2016,21:32,12
506,Simvastatin,12-06-2016,15:47,33
507,Verapamil Hydrochloride,12-12-2016,13:42,31
508,Valacyclovir hydrochloride,12-03-2016,14:08,33
509,TOMATO SUN,12-06-2016,14:49,30
510,ANAFRANIL,12-05-2016,13:10,23
511,acarbose,12-05-2016,16:37,38
512,Ohtas Isan Antacid,12-06-2016,19:58,40
513,Valproate Sodium,12-10-2016,18:58,20
514,Eye Irritation,12-07-2016,21:19,47
515,RISPERIDONE,12/14/2016,18:44,11
516,Equaline tussin cough and chest congestion,12-08-2016,18:43,47
517,Head and Shoulders,12-12-2016,13:52,40
518,topiramate,12-10-2016,10:45,22
519,Causticum Kit Refill,12/14/2016,11:09,12
520,Losartan Potassium,12-02-2016,19:14,24
521,Nu Skin Nu Colour,12-12-2016,17:47,43
522,Risperidone,12/16/2016,13:28,11
523,Duloxetine,12-09-2016,16:01,12
524,Ranitidine,12-12-2016,12:59,37
525,Tinactin,12/13/2016,12:40,48
526,Halls,12-03-2016,15:10,18
527,Petroleum Skin Protectant,12-10-2016,19:13,29
528,Ibuprofen,12-06-2016,15:57,44
529,Acyclovir,12-04-2016,17:18,35
530,Hydrochlorothiazide,12-10-2016,15:25,37
531,Nifediac CC,12-10-2016,14:34,26
532,Heparin Sodium,12-02-2016,15:03,16
533,Oxaliplatin,12/15/2016,18:41,37
534,Stool Softener,12/14/2016,14:26,49
535,OHUI Sun Science intensive sunblock cake EX,12/15/2016,15:19,41
536,American Beech,12-02-2016,17:42,42
537,Corlopam,12-08-2016,15:36,20
538,MERREM,12-09-2016,21:28,41
539,Sunmark sleep aid,12-03-2016,19:38,27
540,NITROGEN,12-04-2016,11:48,21
541,migraine relief,12-04-2016,17:16,24
542,Lorazepam,12/16/2016,15:55,15
543,Gabapentin,12-11-2016,12:57,46
544,Quetiapine fumarate,12-04-2016,14:49,18
545,sunmark day time cold and cough,12-11-2016,11:05,25
546,Berberis Urtica,12/15/2016,11:25,20
547,Famotidine,12-05-2016,20:39,48
548,Bupropion hydrochloride,12-05-2016,18:39,49
549,Female Balance,12-08-2016,13:24,48
550,GBG AloeGel Instant Hand Sanitizer,12/16/2016,16:39,45
551,Head and Shoulders 2in1,12-12-2016,18:23,35
552,Naproxen,12-10-2016,21:33,14
553,Toffee Always color stay-on Makeup Broad Spectrum SPF 15,12/14/2016,12:54,15
554,Guaifenesin and Codeine Phosphate,12-05-2016,11:07,44
555,ADVAIR HFA,12-12-2016,15:25,42
556,Childrens Ibuprofen,12-08-2016,11:32,14
557,Metformin Hydrochloride,12/14/2016,15:27,17
558,Depo-Provera,12-08-2016,19:56,32
559,Prastera,12-09-2016,21:29,10
560,Risperidone,12-02-2016,20:53,47
561,Hydrocodone Bitartrate and Acetaminophen,12-12-2016,12:53,25
562,lice killing,12-02-2016,10:58,31
563,Acid Reducer,12-05-2016,20:18,20
564,SHISEIDO SHEER AND PERFECT COMPACT (REFILL),12-09-2016,11:07,15
565,Clorazepate Dipotassium,12/13/2016,18:41,33
566,Buminate,12-10-2016,15:03,28
567,Silk,12-07-2016,12:35,18
568,PROSOPIS JULIFLORA POLLEN,12-12-2016,17:59,47
569,AUBRA,12-10-2016,16:13,22
570,Prednisone,12-10-2016,18:00,44
571,Valproic Acid,12-08-2016,19:31,26
572,Lovenox,12/14/2016,14:32,28
573,Oxygen,12-02-2016,21:13,21
574,Diclofenac Sodium,12-10-2016,20:49,11
575,Poverty Weed,12-11-2016,19:57,31
576,Promethazine Hydrochloride,12-08-2016,20:15,16
577,BiferaRx,12-04-2016,14:18,26
578,Marcaine,12/16/2016,19:50,18
579,PREVNAR 13,12-09-2016,16:20,27
580,Clonidine,12-11-2016,21:17,25
581,Bisoprolol Fumarate and Hydrochlorothiazide,12-10-2016,14:00,15
582,Neutrogena Healthy Skin Glow Sheers Illuminating Tinted Moisturizer - Light to Medium 30,12-07-2016,14:33,32
583,Carafate,12-07-2016,20:16,12
584,Naproxen,12-03-2016,13:58,18
585,up and up ibuprofen,12-12-2016,15:39,40
586,Cephalexin,12-12-2016,14:55,25
587,CEFOTAXIME,12/13/2016,16:27,33
588,TERPENICOL,12/13/2016,20:37,38
589,Hand Sanitizer,12-05-2016,14:07,26
590,Childrens,12/15/2016,11:14,29
591,Arizona Ash,12-03-2016,19:04,38
592,NUCYNTA,12/15/2016,19:38,42
593,Banana Boat Mens,12-05-2016,21:49,49
594,AMOXAPINE,12-02-2016,12:20,49
595,LARIN Fe 1.5/30,12/16/2016,20:26,42
596,Neutrogena Mineral Sheers,12-09-2016,18:39,26
597,Elgin Instant Hand Sanitizer,12-05-2016,17:10,47
598,Nortriptyline Hydrochloride,12/16/2016,11:28,38
599,Oxygen,12-02-2016,21:46,39
600,WhiskCare 357,12-03-2016,14:17,28
601,Hydromorphone Hydrochloride,12-03-2016,10:48,24
602,Betamethasone Valerate,12-11-2016,13:12,10
603,DeNino Diaper Rash,12/13/2016,14:07,43
604,VIIBRYD,12-07-2016,11:50,29
605,healthy accents allergy relief,12-03-2016,19:53,26
606,Sertraline Hydrochloride,12/14/2016,15:36,32
607,Dicyclomine Hydrochloride,12-04-2016,16:23,49
608,Warfarin Sodium,12-05-2016,18:15,13
609,Potassium Chloride in Dextrose and Sodium Chloride,12-10-2016,16:10,26
610,Morphine Sulfate,12/13/2016,19:17,40
611,Fluocinonide,12/16/2016,12:24,21
612,Methocarbamol,12-09-2016,18:01,11
613,Duloxetine Hydrochloride,12-02-2016,20:03,14
614,Pain Relief,12-08-2016,14:45,34
615,Glimepiride,12/15/2016,11:19,17
616,Badger Zinc Oxide Diaper Cream,12/14/2016,21:46,48
617,Gingerhead Girl anti-bacterial SCENTED HAND SANITIZER,12/14/2016,12:08,42
618,PROMETHAZINE HYDROCHLORIDE,12-07-2016,16:55,32
619,Badger Unscented SPF 30 Sunscreen,12/15/2016,11:18,24
620,Effexor,12-07-2016,16:20,11
621,ZOOBY,12-06-2016,16:58,19
622,Amlodipine Besylate,12-05-2016,13:38,36
623,ERYTHROMYCIN ETHYLSUCCINATE AND SULFISOXAZOLE ACETYL,12-10-2016,17:45,47
624,XtraCare instant Hand Sanitizer Aloe Vera,12-08-2016,12:23,41
625,Mucus Relief DM MAX,12/15/2016,13:22,49
626,"Pollens - Trees, Walnut, Black Juglans nigra",12-05-2016,15:07,47
627,Citalopram Hydrobromide,12/13/2016,14:23,37
628,promethazine hydrochloride and codeine phosphate,12-02-2016,13:15,42
629,Peptic Relief Cherry,12-07-2016,17:13,50
630,Bacitracin Zinc,12/14/2016,13:29,22
631,Hemoforce,12/15/2016,13:14,21
632,VP CH Plus,12-09-2016,20:13,38
633,BONNOIR HAIR MEDI,12/14/2016,10:55,11
634,Cromolyn Sodium,12-11-2016,13:31,44
635,Oxybutynin Chloride,12-08-2016,13:58,38
636,Disney Fairies Antibacterial Hand Wipes,12-02-2016,20:06,24
637,McKesson Unna Boot with Calamine 4,12-11-2016,12:02,23
638,Bio Mustard,12/16/2016,21:01,28
639,Cilostazol,12-04-2016,18:37,28
640,Doxy 100,12/14/2016,18:30,47
641,Reef Safe SPF 50,12-07-2016,19:40,34
642,Potassium Chloride,12-09-2016,21:01,28
643,dextroamphetamine sulfate,12/15/2016,15:42,37
644,Aqua Rush,12-10-2016,19:55,13
645,equate childrens acetaminophen,12-11-2016,12:20,39
646,Sani-Gel,12/16/2016,11:21,12
647,Potassium Citrate,12-05-2016,10:32,21
648,Cephalexin,12/16/2016,17:46,11
649,risedronate sodium,12-08-2016,21:19,22
650,SOLAR SENSE ZANY ZINC SPF 50 - WHITE,12-03-2016,11:01,48
651,LBEL COULEUR LUXE AMPLIFIER XP,12-02-2016,14:36,46
652,Modafinil,12-03-2016,16:41,34
653,Supersmile,12-07-2016,14:19,13
654,Lacura Ultimate Endurance Pure Sport,12-05-2016,21:53,22
655,DERMATOLOGICAL SUN PROTECTION,12-06-2016,14:19,21
656,Italian Rye Grass,12/15/2016,20:24,45
657,Aspirin,12-02-2016,21:32,14
658,S Balloon Slim Body Line,12/15/2016,16:13,44
659,SHENG CHUN HERBAL,12-10-2016,14:10,40
660,LAMICTAL,12-08-2016,17:08,16
661,Phendimetrazine Tartrate,12-07-2016,10:30,18
662,G-Dologen,12-07-2016,20:43,11
663,Lovastatin,12-06-2016,13:21,36
664,Clear Eyes Maximum Itchy Eye Relief,12-07-2016,18:46,33
665,Ringers,12-08-2016,15:35,49
666,Tramadol Hydrochloride,12-06-2016,16:48,26
667,TINTED LIP CONDITIONER,12/13/2016,21:23,46
668,Clozapine,12-12-2016,15:12,23
669,Clarithromycin,12/16/2016,10:01,29
670,CL-N,12-03-2016,21:19,40
671,FAMOTIDINE,12-10-2016,20:58,28
672,Montelukast,12-02-2016,11:35,49
673,Nicardipine Hydrochloride,12-06-2016,17:15,29
674,ARTEMISIA VULGARIS POLLEN,12/15/2016,14:49,41
675,Dicyclomine Hydrochloride,12/15/2016,11:27,46
676,Zidovudine,12-08-2016,14:53,34
677,DILAUDID,12-11-2016,19:33,37
678,LEVETIRACETAM,12/14/2016,12:52,43
679,Senna S,12/13/2016,12:51,10
680,Acetaminophen And Codeine,12-06-2016,21:23,15
681,CENTER-AL - CORYLUS AMERICANA POLLEN,12/15/2016,17:50,13
682,Paroxetine Hydrochloride,12-12-2016,14:25,16
683,Cold n Cough 4 Kids,12-05-2016,20:08,46
684,PRAMIPEXOLE DIHYDROCHLORIDE,12-08-2016,19:58,12
685,LBEL LEDERM 45plus Jour,12/15/2016,19:18,26
686,Blue Ice Analgesic,12/13/2016,16:51,20
687,Dextroamphetamine Saccharate and Amphetamine Aspartate and Dextroamphetamine Sulfate and Amphetamine Sulfate,12-05-2016,10:44,48
688,Aspergillus fumigatus,12-11-2016,11:53,44
689,Ulta,12/13/2016,11:41,12
690,SENSAI FLUID FINISH FF205,12-10-2016,13:57,19
691,Oxycodone and Acetaminophen,12-08-2016,11:10,12
692,Bumetanide,12-02-2016,19:37,43
693,Terazol 3,12/13/2016,18:23,25
694,Clonidine Hydrochloride,12-10-2016,19:26,32
695,Allergy Mutli-Symptom,12-03-2016,21:05,40
696,First Street Dishwasing Concentrate and Antimicrobial Hand,12-04-2016,11:16,27
697,West Cottonwood,12-03-2016,12:05,50
698,Amlodipine and Atorvastatin,12/14/2016,18:41,38
699,Dialyvite 5000,12/16/2016,14:48,50
700,Diltiazem Hydrochloride,12/13/2016,15:30,31
701,CVS OIL FREE SPF 15,12-08-2016,14:57,32
702,CEPHALEXIN,12-09-2016,21:52,50
703,Bacti-Stat,12/13/2016,20:25,42
704,Felodipine,12-02-2016,10:40,50
705,Olanzapine,12/15/2016,10:20,19
706,Acyclovir,12/13/2016,19:10,38
707,Zubsolv,12/14/2016,17:31,44
708,Anti-bacterial Hand,12-12-2016,17:22,49
709,Dicyclomine,12/16/2016,21:17,37
710,GenRx Daily Defense Antifungal,12-10-2016,14:45,44
711,Assured Instant Hand Sanitizer,12-10-2016,21:56,13
712,Natural Senna,12-07-2016,15:00,33
713,Propranolol Hydrochloride,12-08-2016,19:48,27
714,FERROUS SULFATE,12-08-2016,13:55,21
715,METFORMIN HYDROCHLORIDE,12-12-2016,21:45,22
716,Topcare Hemorrhoidal,12/15/2016,15:11,41
717,Lorazepam,12-05-2016,16:18,16
718,ARIZONA CYPRESS POLLEN,12/13/2016,15:02,30
719,Losartan Potassium and Hydrochlorothiazide,12-09-2016,16:53,47
720,Ceramide Plump Perfect Lip Moisture SPF 30,12-05-2016,19:47,43
721,Metoclopramide,12-08-2016,19:07,39
722,OXYGEN,12-04-2016,15:05,48
723,Leader Hemorrholidal,12-06-2016,11:48,42
724,BENICAR HCT,12-06-2016,12:47,18
725,HealthMart Mucus Relief FM,12/15/2016,21:20,29
726,Baclofen,12-11-2016,19:25,44
727,Simvastatin,12/13/2016,18:28,23
728,HYZAAR,12-11-2016,21:41,11
729,PEPSOM SALT PEPPERMINT,12/13/2016,12:35,17
730,Ecotrin Regular Strength,12-12-2016,13:18,14
731,Acetaminophen,12-04-2016,11:41,30
732,Gumsol,12/13/2016,19:45,39
733,Head and Shoulders,12-03-2016,19:03,36
734,Deferoxamine Mesylate,12-04-2016,10:24,16
735,Gemfibrozil,12/13/2016,15:18,12
736,SHISEIDO PERFECT REFINING FOUNDATION,12/13/2016,15:38,43
737,Lamivudine,12-04-2016,12:41,35
738,MINOXIDIL,12-07-2016,18:00,14
739,Oxygen,12/13/2016,20:22,43
740,Zolpidem Tartrate,12-12-2016,14:03,14
741,fentanyl citrate,12/16/2016,14:04,15
742,Lisinopril,12-09-2016,14:10,26
743,ENALAPRIL MALEATE,12/14/2016,11:20,28
744,pain and fever,12-12-2016,16:55,50
745,Dill Seed,12-09-2016,10:26,36
746,acyclovir,12-06-2016,16:45,25
747,Q Tussin DM,12-08-2016,21:18,49
748,Fluconazole,12/14/2016,16:13,47
749,MILK OF MAGNESIA MINT,12-05-2016,14:46,30
750,Aspergillus repens,12-05-2016,13:17,33
751,Benztropine Mesylate,12-02-2016,17:10,29
752,Valsartan and Hydrochlorothiazide,12-05-2016,10:00,27
753,EROS BODY GLIDE,12-11-2016,20:38,17
754,Coumarin,12/14/2016,16:22,18
755,Amitriptyline Hydrochloride,12/15/2016,14:40,40
756,Lovely ME EX BB PACT SPF20,12-10-2016,12:16,24
757,TOKUHON-A External Analgesic Pain Relieving Medicated,12/15/2016,10:50,38
758,ENALAPRIL MALEATE,12-08-2016,11:59,23
759,LBEL REPLENISHING FOUNDATION SPF 14,12-06-2016,21:56,15
760,Sun Care,12/14/2016,20:38,29
761,Nitrous Oxide,12-12-2016,12:37,29
762,Warfarin Sodium,12-09-2016,10:36,20
763,DURAGESIC,12-04-2016,11:25,40
764,Crest Pro-Health,12-11-2016,12:14,30
765,SINGULAIR,12-09-2016,13:42,37
766,Roqueforti,12/13/2016,13:24,30
767,Ibuprofen,12-04-2016,14:10,14
768,Secret Antiperspirant/Deodorant,12-11-2016,15:55,32
769,Desoximetasone,12-02-2016,12:49,50
770,Gabapentin,12/14/2016,18:52,49
771,Sancuso,12/14/2016,20:05,42
772,Trimethoprim,12/14/2016,17:35,47
773,Givenchy Fluid Foundation Airy-light Mat Radiance SPF 20 Tint 5,12-09-2016,16:13,20
774,Neptazane,12-11-2016,16:51,27
775,Bronkids,12/14/2016,15:21,46
776,Neomycin Sulfate,12-05-2016,10:38,29
777,DIAPEDIC FOOT AND LEG TREATMENT,12-09-2016,21:56,33
778,Venlafaxine Hydrochloride,12-06-2016,20:07,33
779,Timolol GFS,12-05-2016,12:21,33
780,Pramipexole Dihydrochloride,12-02-2016,15:27,30
781,Oxygen,12-04-2016,14:15,44
782,Smarth,12/16/2016,18:53,22
783,Zilactin,12-12-2016,21:33,36
784,Pinchot Juniper,12-11-2016,21:45,35
785,Clear Advantage,12-11-2016,10:40,37
786,PENNSAID,12-06-2016,11:00,27
787,PureLife APF,12/15/2016,20:43,30
788,COGHLANS SURVIVAL IN A CAN,12-09-2016,17:13,23
789,Isosorbide Dinitrate,12/15/2016,18:13,14
790,mucus er,12-02-2016,12:04,13
791,COMMON MUGWORT POLLEN,12-04-2016,12:06,40
792,OH Age recovery Tri Shield pact 10,12-02-2016,19:22,17
793,Intervene Radiance Boosting Moisture SPF 15,12-05-2016,12:10,41
794,Antispetic,12/16/2016,21:31,39
795,Prednisone,12/15/2016,15:01,15
796,Fluocinonide,12-10-2016,20:51,44
797,Flawless Finish Dual Perfection Makeup SPF 8 Vanilla,12-10-2016,14:49,41
798,Oregano,12-05-2016,14:42,31
799,KETOROLAC TROMETHAMINE,12-10-2016,16:43,30
800,NITROUS OXIDE,12-06-2016,13:59,12
801,Novolin,12-04-2016,13:49,30
802,Lexapro,12-04-2016,16:54,12
803,HEADACHE,12/15/2016,12:48,17
804,Sinus Relief,12-02-2016,19:37,34
805,Diltiazem Hydrochloride,12-03-2016,14:07,15
806,TRIPLE ANTIBIOTIC,12-12-2016,11:48,19
807,GMC Medical,12-07-2016,20:12,35
808,No7 Stay Perfect Foundation Compact Sunscreen SPF 15 Buff,12-11-2016,11:54,29
809,Divalproex Sodium,12-05-2016,11:08,47
810,Ibuprofen,12-08-2016,21:47,41
811,Glipizide,12/14/2016,10:46,17
812,Nausea Headache,12-10-2016,10:57,26
813,Valacyclovir Hydrochloride,12-05-2016,10:38,37
814,smart sense Allergy Relief,12-12-2016,15:34,27
815,Gowoonsesang Multi Protection,12-02-2016,21:27,27
816,Smart San Healthcare Personnel Handwash,12/16/2016,16:42,43
817,Secura Total Body Foam Cleanser,12-06-2016,21:26,28
818,Cetaphil Gentle Cleansing Antibacterial Bar,12/13/2016,21:57,14
819,Lemon Zest Antibacterial Foaming Hand Wash,12-09-2016,11:14,13
820,Depo-Medrol,12/15/2016,13:26,42
821,Critic Aid Skin,12-03-2016,11:09,27
822,Chrysolith 6,12-04-2016,15:52,50
823,Roccos Old School,12-04-2016,16:35,37
824,milk of magnesia,12-02-2016,20:30,35
825,citroma,12-06-2016,20:53,47
826,Diazepam,12/14/2016,13:10,28
827,Antibacterial Hand Towelettes,12/14/2016,20:56,47
828,Shagbark Hickory,12-12-2016,10:19,15
829,ONDANSETRON HYDROCHLORIDE,12/14/2016,10:23,25
830,ANTIBACTERIAL FOAMING,12/16/2016,14:12,34
831,Tretinoin,12-05-2016,14:18,37
832,omeprazole,12-11-2016,19:47,10
833,Premium Whitening,12-08-2016,15:57,47
834,Neupogen,12-02-2016,12:17,16
835,ARC Skin Protectant,12-06-2016,15:02,14
836,TAMSULOSIN HYDROCHLORIDE,12-08-2016,16:22,12
837,POPULUS FREMONTII POLLEN,12-03-2016,20:59,31
838,Suave,12-07-2016,18:55,41
839,Equate Anti-Wrinkle,12/15/2016,11:10,47
840,Healing Waters Clean Cotton Scented Anti-Bacterial Hand Sanitizer,12-08-2016,19:52,34
841,Neutrahist,12-07-2016,13:13,14
842,Neutrogena On-the-Spot Acne Treatment,12-09-2016,20:15,10
843,Melphalan Hydrochloride,12-12-2016,12:18,13
844,PROGESTERONE,12-02-2016,14:55,18
845,Pepper Tree Pollen,12-04-2016,20:16,29
846,Arbonne Revelage,12-07-2016,21:23,39
847,Triamcinolone Acetonide,12-09-2016,20:34,49
848,IOPE SUPER VITAL EXTRA MOIST B.B,12/16/2016,18:43,25
849,Umcka ColdCare Alcohol Free Cherry,12-11-2016,17:02,48
850,Metformin Hydrochloride,12-04-2016,20:11,31
851,THROMBIN-JMI,12-11-2016,12:47,19
852,Trimethoprim,12-02-2016,13:23,13
853,lisinopril,12-04-2016,17:50,21
854,Preferred Plus Extra Strength Pain Relief,12/15/2016,15:30,25
855,Tetracycline Hydrochloride,12-03-2016,17:00,50
856,VOLTAREN,12-12-2016,10:41,21
857,leader hair regrowth treatment,12-03-2016,19:16,10
858,Lisinopril and Hydrochlorothiazide,12-04-2016,13:11,49
859,ENBREL,12-12-2016,17:27,50
860,Natural Care,12-11-2016,17:02,46
861,Meperidine Hydrochloride,12-08-2016,11:44,50
862,Catfish,12/14/2016,11:51,46
863,Chaetomium,12-11-2016,12:33,14
864,Lipitor,12/16/2016,15:48,31
865,Belli Acne Control Spot Treatment,12-06-2016,16:08,33
866,"3-RAGWEED MIX, GIANT/SHORT/WESTERN POLLEN",12/15/2016,18:38,21
867,Trazodone Hydrochloride,12-02-2016,11:47,39
868,FLOVENTHFA,12-11-2016,21:10,17
869,Lisinopril,12-08-2016,13:09,39
870,cefazolin,12-07-2016,11:40,29
871,DayTime Nitetime Sinus Relief,12/15/2016,21:59,10
872,Loperamide Hydrochloride,12/13/2016,19:23,15
873,Valacyclovir Hydrochloride,12-10-2016,15:38,34
874,Doxycycline Hyclate,12-06-2016,15:32,37
875,Captopril,12/16/2016,12:20,33
876,COMMON PAPER WASP VENOM PROTEIN,12-03-2016,12:04,10
877,VYTORIN,12-10-2016,15:17,39
878,Bumetanide,12-08-2016,14:06,16
879,good sense miconazole 3,12-06-2016,20:35,17
880,Minoxidil,12/13/2016,15:06,18
881,Midazolam HCl,12-09-2016,10:34,33
882,koala pals,12-05-2016,13:05,26
883,Pinceladas Para Hongos Navarro,12-10-2016,10:49,36
884,BODY TIME Anti-Aging Day Cream SPF 30,12-08-2016,18:05,30
885,Hydromorphone Hydrochloride,12-08-2016,15:11,28
886,BALANCED SALT,12-11-2016,17:01,44
887,IOPE S.S. CONDITIONING COLOR BASE No.40,12-02-2016,20:06,19
888,Phoenix Balm,12/16/2016,11:03,19
889,Irinotecan Hydrochloride,12-06-2016,11:53,21
890,Trout,12/13/2016,12:03,19
891,Clarithromycin,12/15/2016,16:33,40
892,up and up ibuprofen,12/15/2016,13:39,48
893,LBEL EFFET PARFAIT Spots Reducing Effect Foundation SPF 18 - CLAIRE 3,12-05-2016,18:07,32
894,Serenity Remedy No. 12,12/14/2016,20:58,32
895,Equaline Ibuprofen,12-06-2016,21:57,31
896,Gelato APF,12-11-2016,21:39,26
897,Tranxene,12-02-2016,14:42,35
898,Sooryehan Jadan Sun Mild,12-03-2016,16:52,32
899,Mary Kay Tinted Lip Balm Sunscreen SPF 15 Cherry,12-04-2016,15:54,44
900,Vitamin B5 Velvet Mask,12-11-2016,14:32,32
901,Depo-Testosterone,12-10-2016,19:11,45
902,day relief pe,12/16/2016,21:04,47
903,Tartar control plus,12-05-2016,21:53,49
904,Hand Essentials Instant Hand Antiseptic,12/16/2016,11:41,36
905,METRONIDAZOLE,12/16/2016,10:25,22
906,Hand wash,12/16/2016,13:38,30
907,risperidone,12-03-2016,12:13,29
908,FAMILY CARE MEDICATED HEMORRHOIDAL,12-09-2016,15:53,16
909,Lightening Day Cream,12/15/2016,19:52,25
910,CLE DE PEAU BEAUTE RADIANT FLUID FOUNDATION,12/15/2016,13:51,10
911,Groundsel,12-07-2016,11:01,36
912,Aveeno Active Naturals Clear Complexion BB,12-09-2016,13:21,30
913,West Wheat Grass,12-02-2016,10:39,14
914,DEXTROSE,12/14/2016,21:22,21
915,Levothyroxine sodium,12/15/2016,11:51,32
916,Minocycline Hydrochloride,12-02-2016,18:20,11
917,rizatriptan benzoate,12-05-2016,13:01,45
918,NITROGEN,12-05-2016,17:53,35
919,SENSORCAINE,12-03-2016,15:03,31
920,Staxyn,12-06-2016,13:23,15
921,leader nite time,12/14/2016,10:55,34
922,Family Wellness,12-12-2016,13:37,21
923,COLLAGEN HD AQUA BB,12/16/2016,18:58,11
924,AMOREPACIFIC,12-10-2016,12:48,26
925,Felodipine,12-07-2016,15:00,22
926,TYVASO,12-10-2016,12:39,20
927,Escitalopram,12/13/2016,12:09,20
928,Sani Professional Brand Sani-Hands with Tencel,12/13/2016,18:06,41
929,QUESTRAN,12-05-2016,19:54,12
930,Traumatone,12-09-2016,10:13,45
931,Benazepril Hydrochloride,12-04-2016,17:31,32
932,Summers Eve,12-10-2016,10:54,40
933,OCELLA,12-12-2016,14:19,42
934,NAPRELAN,12-07-2016,17:09,20
935,Lima Beans,12-03-2016,10:44,29
936,Hi Vetic,12-08-2016,13:23,26
937,Amlodipine and Valsartan,12/13/2016,18:55,11
938,Brain Power,12-08-2016,17:53,23
939,DYAZIDE,12-07-2016,20:15,19
940,Orphenadrine Citrate,12-03-2016,18:29,16
941,VENLAFAXINE HYDROCHLORIDE,12-07-2016,10:20,14
942,Potassium Acetate,12-12-2016,20:47,39
943,sumatriptan succinate,12-10-2016,10:15,17
944,Sulindac,12/15/2016,13:20,43
945,Bupropion Hydrochloride,12-12-2016,13:40,17
946,Chlorpromazine Hydrochloride,12-05-2016,10:14,49
947,Vancomycin Hydrochloride,12-09-2016,19:09,20
948,Triple Antibiotic,12/16/2016,19:24,43
949,Desmopressin Acetate,12/14/2016,18:41,37
950,SHISEIDO SHEER MATIFYING COMPACT (REFILL),12-07-2016,14:31,22
951,Witch Hazel,12-06-2016,16:23,30
952,galantamine,12-06-2016,17:51,13
953,Bio Viscum Compositum,12-07-2016,16:31,38
954,Branders Antiseptic Hand Sanitizer,12-05-2016,11:22,19
955,CHILDRENS ADVIL,12-04-2016,12:29,16
956,smart sense nicotine,12-07-2016,13:53,32
957,Doxycycline,12-02-2016,16:08,16
958,Radish,12-03-2016,11:05,34
959,PURELL SF607 Instant Hand Sanitizing,12-05-2016,18:04,38
960,White Oak,12-05-2016,19:44,20
961,Thyropar,12-08-2016,16:11,36
962,CLARINS Broad Spectrum SPF 15 Everlasting Foundation Tint 108,12/16/2016,17:41,50
963,Megestrol Acetate,12-03-2016,10:11,48
964,GUNA-ADDICT 2,12-11-2016,21:09,29
965,Pleo San Pseu,12-05-2016,12:18,24
966,VANILLA,12-05-2016,21:27,40
967,Lisinopril,12-08-2016,15:05,46
968,Carvedilol,12-05-2016,18:27,48
969,Green Pea,12-07-2016,21:06,11
970,SENSAI FLUID FINISH FF202,12-10-2016,21:59,35
971,CLEAR ACTION,12-02-2016,17:20,29
972,MediChoice Hand Sanitizer,12-04-2016,17:19,27
973,Risperidone,12-10-2016,20:45,14
974,Colgate,12-06-2016,13:23,10
975,METFORMIN HYDROCHLORIDE,12-11-2016,12:17,30
976,topcare tussin,12-08-2016,16:06,38
977,Diltiazem Hydrochloride,12-06-2016,19:32,33
978,Ramipril,12-11-2016,17:24,25
979,Terrasil Foot and Nail Anti-Fungal,12-11-2016,20:38,40
980,Hydrocodone Bitartrate and Acetaminophen,12-11-2016,13:52,27
981,Nitrofurantoin Macrocrystals,12-12-2016,11:35,46
982,Loblolly Pine,12-02-2016,19:41,19
983,Tussin DM Max,12-03-2016,10:26,12
984,Levothyroxine Sodium,12-05-2016,14:31,14
985,Senna/Docusate Sodium,12-06-2016,21:42,33
986,"Cat Pelt, Standardized",12-03-2016,21:20,43
987,OCUFLOX,12-05-2016,10:28,43
988,donepezil hydrochloride,12-04-2016,17:49,47
989,LAMICTAL,12/15/2016,16:43,15
990,acetaminophen pm,12-09-2016,10:19,36
991,good neighbor pharmacy nasal decongestant,12-09-2016,10:11,35
992,Phenazopyridine Hydrochloride,12/15/2016,16:17,11
993,Cefpodoxime Proxetil,12/15/2016,21:39,13
994,Chlorhexidine Gluconate,12-10-2016,15:12,29
995,LABORATOIRE REMEDE TRANSLUCENT UV COAT TINT 3,12/14/2016,20:54,32
996,Isagel,12-04-2016,12:55,37
997,Minoxidil,12-03-2016,19:53,30
998,Venlafaxine Hydrochloride,12-12-2016,12:58,34
999,TOPIRAMATE,12-10-2016,13:07,16
1000,Doxazosin,12-09-2016,19:36,22
